{"item0":{"iName":"Showcase Only#1"},"item1":{"iName":"QWER","iApproverNum":"3","iDefPassword":"qqq","iArrayName":["MrA","MrB","MrC"],"iArrayPassword":["aaa","bbb","ccc"],"iNumTextBox":"4","iArrayX":["237px","309px","547px","545px"],"iArrayY":["916px","866px","854px","966px"],"iArrayLenght":["20","25","25","25"],"iArrayOwner":["0","0","1","1"],"iArrayComment":["ex. IT \/ CPE","Ex. Buddhist","on","Mr.A Comment Here"],"iArrayType":["0","0","1","0"],"iArrayInputSave":["","","",""]},"item2":{"iName":"ShowCase02","iApproverNum":"3","iDefPassword":"qqq","iArrayName":["Mr.A","Mr.B","Mr.C"],"iArrayPassword":["aaa","bbb","ccc"],"iNumTextBox":"27","iArrayX":["214px","239px","215px","238px","262px","287px","309px","332px","317px","317px","429px","452px","546px","546px","546px","546px","543px","570px","596px","600px","600px","600px","600px","573px","574px","573px","574px"],"iArrayY":["487px","916px","1048px","505px","542px","596px","861px","1000px","513px","628px","526px","526px","594px","682px","768px","854px","921px","922px","923px","855px","770px","681px","596px","854px","768px","681px","595px"],"iArrayLenght":["15","15","10","20","60","60","20","20","20","20","20","20","20","20","20","20","30","30","30","30","30","30","30","30","30","30","30"],"iArrayOwner":["0","0","0","0","0","0","0","0","0","0","0","0","1","1","1","1","1","2","3","3","3","3","3","2","2","2","2"],"iArrayComment":["Your ID","Ex.CPE\/IT","dd\/mm\/yyyy","Ex.SIIT","Your Name","Your Guardian Name","Ex.Buddhist","Nationality","on","on","Postal Code","Your Email","on","on","on","on","Mr.A Comment here","Mr.B Comment here","Mr.C Comment here","on","on","on","on","on","on","on","on"],"iArrayType":["0","0","0","0","0","0","0","0","1","1","0","0","1","1","1","1","0","0","0","1","1","1","1","1","1","1","1"],"iArrayInputSave":["57595969","CPE","20\/01\/95","SIIT","hamza","123","","","true","false","","","true","true","true","true","","OK","","","","","","true","true","true","true",""]},"item3":{"iName":"ShowCase02","iApproverNum":"3","iDefPassword":"qqq","iArrayName":["Mr.A","Mr.B","Mr.C"],"iArrayPassword":["aaa","bbb","ccc"],"iNumTextBox":"27","iArrayX":["214px","239px","215px","238px","262px","287px","309px","332px","317px","317px","429px","452px","546px","546px","546px","546px","543px","570px","596px","600px","600px","600px","600px","573px","574px","573px","574px"],"iArrayY":["487px","916px","1048px","505px","542px","596px","861px","1000px","513px","628px","526px","526px","594px","682px","768px","854px","921px","922px","923px","855px","770px","681px","596px","854px","768px","681px","595px"],"iArrayLenght":["15","15","10","20","60","60","20","20","20","20","20","20","20","20","20","20","30","30","30","30","30","30","30","30","30","30","30"],"iArrayOwner":["0","0","0","0","0","0","0","0","0","0","0","0","1","1","1","1","1","2","3","3","3","3","3","2","2","2","2"],"iArrayComment":["Your ID","Ex.CPE\/IT","dd\/mm\/yyyy","Ex.SIIT","Your Name","Your Guardian Name","Ex.Buddhist","Nationality","on","on","Postal Code","Your Email","on","on","on","on","Mr.A Comment here","Mr.B Comment here","Mr.C Comment here","on","on","on","on","on","on","on","on"],"iArrayType":["0","0","0","0","0","0","0","0","1","1","0","0","1","1","1","1","0","0","0","1","1","1","1","1","1","1","1"],"iArrayInputSave":["","","","","","","","","","","","","","","","","","","","","","","","","","","",""]},"item4":{"iName":"M - ShowCase02","iApproverNum":"3","iDefPassword":"qqq","iArrayName":["Mr.A","Mr.B","Mr.C"],"iArrayPassword":["aaa","bbb","ccc"],"iNumTextBox":"27","iArrayX":["214px","239px","215px","238px","262px","287px","309px","332px","317px","317px","429px","452px","546px","546px","546px","546px","543px","570px","596px","600px","600px","600px","600px","573px","574px","573px","574px"],"iArrayY":["487px","916px","1048px","505px","542px","596px","861px","1000px","513px","628px","526px","526px","594px","682px","768px","854px","921px","922px","923px","855px","770px","681px","596px","854px","768px","681px","595px"],"iArrayLenght":["15","15","10","20","60","60","20","20","20","20","20","20","20","20","20","20","30","30","30","30","30","30","30","30","30","30","30"],"iArrayOwner":["0","0","0","0","0","0","0","0","0","0","0","0","1","1","1","1","1","2","3","3","3","3","3","2","2","2","2"],"iArrayComment":["Your ID","Ex.CPE\/IT","dd\/mm\/yyyy","Ex.SIIT","Your Name","Your Guardian Name","Ex.Buddhist","Nationality","on","on","Postal Code","Your Email","on","on","on","on","Mr.A Comment here","Mr.B Comment here","Mr.C Comment here","on","on","on","on","on","on","on","on"],"iArrayType":["0","0","0","0","0","0","0","0","1","1","0","0","1","1","1","1","0","0","0","1","1","1","1","1","1","1","1"]},"item5":{"iName":"ShowCase02","iApproverNum":"3","iDefPassword":"qqq","iArrayName":["Mr.A","Mr.B","Mr.C"],"iArrayPassword":["aaa","bbb","ccc"],"iNumTextBox":"27","iArrayX":["214px","239px","215px","238px","262px","287px","309px","332px","317px","317px","429px","452px","546px","546px","546px","546px","543px","570px","596px","600px","600px","600px","600px","573px","574px","573px","574px"],"iArrayY":["487px","916px","1048px","505px","542px","596px","861px","1000px","513px","628px","526px","526px","594px","682px","768px","854px","921px","922px","923px","855px","770px","681px","596px","854px","768px","681px","595px"],"iArrayLenght":["15","15","10","20","60","60","20","20","20","20","20","20","20","20","20","20","30","30","30","30","30","30","30","30","30","30","30"],"iArrayOwner":["0","0","0","0","0","0","0","0","0","0","0","0","1","1","1","1","1","2","3","3","3","3","3","2","2","2","2"],"iArrayComment":["Your ID","Ex.CPE\/IT","dd\/mm\/yyyy","Ex.SIIT","Your Name","Your Guardian Name","Ex.Buddhist","Nationality","on","on","Postal Code","Your Email","on","on","on","on","Mr.A Comment here","Mr.B Comment here","Mr.C Comment here","on","on","on","on","on","on","on","on"],"iArrayType":["0","0","0","0","0","0","0","0","1","1","0","0","1","1","1","1","0","0","0","1","1","1","1","1","1","1","1"],"iArrayInputSave":["","","","","","","","","","","","","","","","","","","","","","","","","","","",""]},"item6":{"iName":"M - ShowCase02","iApproverNum":"3","iDefPassword":"qqq","iArrayName":["Mr.A","Mr.B","Mr.C"],"iArrayPassword":["aaa","bbb","ccc"],"iNumTextBox":"27","iArrayX":["214px","239px","215px","238px","262px","287px","309px","332px","317px","317px","429px","452px","546px","546px","546px","546px","543px","570px","596px","600px","600px","600px","600px","573px","574px","573px","574px"],"iArrayY":["487px","916px","1048px","505px","542px","596px","861px","1000px","513px","628px","526px","526px","594px","682px","768px","854px","921px","922px","923px","855px","770px","681px","596px","854px","768px","681px","595px"],"iArrayLenght":["15","15","10","20","60","60","20","20","20","20","20","20","20","20","20","20","30","30","30","30","30","30","30","30","30","30","30"],"iArrayOwner":["0","0","0","0","0","0","0","0","0","0","0","0","1","1","1","1","1","2","3","3","3","3","3","2","2","2","2"],"iArrayComment":["Your ID","Ex.CPE\/IT","dd\/mm\/yyyy","Ex.SIIT","Your Name","Your Guardian Name","Ex.Buddhist","Nationality","on","on","Postal Code","Your Email","on","on","on","on","Mr.A Comment here","Mr.B Comment here","Mr.C Comment here","on","on","on","on","on","on","on","on"],"iArrayType":["0","0","0","0","0","0","0","0","1","1","0","0","1","1","1","1","0","0","0","1","1","1","1","1","1","1","1"]},"item7":{"iName":"M - QWER","iApproverNum":"3","iDefPassword":"qqq","iArrayName":["MrA","MrB","MrC"],"iArrayPassword":["aaa","bbb","ccc"],"iNumTextBox":"4","iArrayX":["237px","309px","547px","545px"],"iArrayY":["916px","866px","854px","966px"],"iArrayLenght":["20","25","25","25"],"iArrayOwner":["0","0","1","1"],"iArrayComment":["ex. IT \/ CPE","Ex. Buddhist","on","Mr.A Comment Here"],"iArrayType":["0","0","1","0"]}}