{"f0":{"fName":"Lecture absentX request"},"f1":{"fName":"ShowCase","fApproverNum":"3","fDefPassword":"qqq","fArrayName":["Mr.A","Mr.B","Mr.C"],"fArrayPassword":["aaa","bbb","ccc"],"fNumTextBox":"25","fArrayX":["239px","239px","215px","263px","214px","318px","318px","286px","310px","335px","547px","546px","548px","575px","574px","575px","601px","601px","600px","544px","573px","547px","601px","571px","597px"],"fArrayY":["913px","507px","485px","543px","1049px","628px","513px","596px","861px","1003px","684px","771px","593px","592px","683px","772px","594px","682px","772px","919px","857px","856px","855px","918px","918px"],"fArrayLenght":["20","20","10","59","10","10","10","40","40","20","20","20","20","20","20","20","20","20","20","30","30","30","30","30","30"],"fArrayOwner":["0","0","0","0","0","0","0","0","0","0","1","1","1","2","2","2","3","3","3","1","2","1","3","2","3"],"fArrayComment":["Ex.CPE\/IT","Always SIIT","your ID","Your Name ","dd\/mm\/yyyy","on","on","Your Guardian Name","EX. Buddhist","EX. Thai","on","on","on","on","on","on","on","on","on","","on","on","on","Mr.B comment","Mr.C comment"],"fArrayType":["0","0","0","0","0","1","1","0","0","0","1","1","1","1","1","1","1","1","1","0","1","1","1","0","0"]},"f2":{"fName":"","fApproverNum":"2","fDefPassword":"","fArrayName":["",""],"fArrayPassword":["",""],"fNumTextBox":"3","fArrayX":["191px","205px","236px"],"fArrayY":["920px","672px","958px"],"fArrayLenght":["8","8","8"],"fArrayOwner":["0","0","0"],"fArrayComment":["","",""],"fArrayType":["0","0","0"],"fArrayInputSave":["a","a","a"]},"f3":{"fName":"QWE","fApproverNum":"3","fDefPassword":"qqq","fArrayName":["Mr.A","Mr.B","Mr.C"],"fArrayPassword":["aaa","bbb","ccc"],"fNumTextBox":"3","fArrayX":["238px","543px","547px"],"fArrayY":["918px","949px","844px"],"fArrayLenght":["20","20","20"],"fArrayOwner":["0","0","1"],"fArrayComment":["Ex.CPE\/IT","Mr.A Comment here","on"],"fArrayType":["0","0","1"],"fArrayInputSave":["","",""]},"f4":{"fName":"QWER","fApproverNum":"3","fDefPassword":"qqq","fArrayName":["MrA","MrB","MrC"],"fArrayPassword":["aaa","bbb","ccc"],"fNumTextBox":"4","fArrayX":["237px","309px","547px","545px"],"fArrayY":["916px","866px","854px","966px"],"fArrayLenght":["20","25","25","25"],"fArrayOwner":["0","0","1","1"],"fArrayComment":["ex. IT \/ CPE","Ex. Buddhist","on","Mr.A Comment Here"],"fArrayType":["0","0","1","0"],"fArrayInputSave":["","","",""]},"f5":{"fName":"ASDASD","fApproverNum":"2","fDefPassword":"ASDSDAD","fArrayName":["AA","BB"],"fArrayPassword":["aa","bb"],"fNumTextBox":"1","fArrayX":["257px"],"fArrayY":["544px"],"fArrayLenght":["15"],"fArrayOwner":["1"],"fArrayComment":["FFFFFF"],"fArrayType":["0"],"fArrayInputSave":[""]}}