{"f0":{"fName":"Time Table Pending Request"},"f1":{"fName":"Advisor Request"},"f2":{"fName":"Partner Request"},"f3":{"fName":"Test 02 ","fApproverNum":"1","fDefPassword":"qqq","fArrayName":["The A"],"fArrayPassword":[" aaa"],"fNumTextBox":"4","fArrayX":["238px","217px","337px","382px"],"fArrayY":["916px","1047px","1002px","876px"],"fArrayLenght":["20","10","15","15"],"fArrayOwner":["0","1","1","1"],"fArrayComment":["Ex.CPE , IT","dd\/mm\/yy","Nationality","Contact No"]},"f4":{"fName":"ShowCase02","fApproverNum":"3","fDefPassword":"qqq","fArrayName":["Mr.A","Mr.B","Mr.C"],"fArrayPassword":["aaa","bbb","ccc"],"fNumTextBox":"27","fArrayX":["214px","239px","215px","238px","262px","287px","309px","332px","317px","317px","429px","452px","546px","546px","546px","546px","543px","570px","596px","600px","600px","600px","600px","573px","574px","573px","574px"],"fArrayY":["487px","916px","1048px","505px","542px","596px","861px","1000px","513px","628px","526px","526px","594px","682px","768px","854px","921px","922px","923px","855px","770px","681px","596px","854px","768px","681px","595px"],"fArrayLenght":["15","15","10","20","60","60","20","20","20","20","20","20","20","20","20","20","30","30","30","30","30","30","30","30","30","30","30"],"fArrayOwner":["0","0","0","0","0","0","0","0","0","0","0","0","1","1","1","1","1","2","3","3","3","3","3","2","2","2","2"],"fArrayComment":["Your ID","Ex.CPE\/IT","dd\/mm\/yyyy","Ex.SIIT","Your Name","Your Guardian Name","Ex.Buddhist","Nationality","on","on","Postal Code","Your Email","on","on","on","on","Mr.A Comment here","Mr.B Comment here","Mr.C Comment here","on","on","on","on","on","on","on","on"],"fArrayType":["0","0","0","0","0","0","0","0","1","1","0","0","1","1","1","1","0","0","0","1","1","1","1","1","1","1","1"],"fArrayInputSave":["","","","","","","","","","","","","","","","","","","","","","","","","","","",""]}}